date,A/B Testing,AI for Social Good,AI in Education,AI in Gaming,AI in Healthcare,ARIMA,Ablation,Accuracy,Action,Action Recognition,Agent,Algorithmic Bias,Anomaly Detection,Ar,Artificial Intelligence,Attention,Attention Maps,Automl,BERT,Backpropagation,Batch,Batch Normalization,Batch Size,Bayesian Neural Network,Bidirectional,Binary Condition,Binning,Boosting,Bounding Box,Calibration Layer,Candidate Generation,Cassandra,Centroid,Chatbots,Class,Clipping,Computer Vision,Condition,Configuration,Contrastive Learning,Convenience Sampling,Convergence,Convolution,Convolutional Neural Network,Convolutional Operation,Cost,Critic,CycleGAN,Data Analysis,Data Compression,Data Efficiency,Data Fusion,Data Governance,Data Integration,Data Labeling,Data Matching,Data Privacy,Data Synthesis,Data Transformation,Data Warehousing,Dataframe,Decision Forest,Decision Threshold,Decoder,Deep Model,Deep Neural Network,Deep Reinforcement Learning,Depth,Device,Dimensions,Disparate Impact,Disparate Treatment,Divisive Clustering,Document Analysis,Domain Adaptation,Edge AI,Edit Distance,Efficient Neural Networks,Encoder,Ensemble,Environment,Episode,Epoch,Evaluation Metrics,Example,Experience Replay,F1,F1 Score,Feature,Feature Cross,Feature Engineering,Feature Vector,Fingerprint Recognition,Flax,Forecasting,Fraud Detection,Fully Connected Layer,Game Playing AI,Game Theory and AI,Gan,Generalization,Generative Model,Generator,GloVe,Gradient Clipping,Gradient Descent,Graph,Graph Neural Networks,Hallucination,Hashing,Heuristic,Hidden Layer,Hierarchical Clustering,Hyperparameter Tuning,Imbalanced Data,Implicit Bias,Imputation,Individual Fairness,Inference,Information Extraction,Information Gain,Instance,Interpretability,Intersection Over Union (Iou),Iou,Iris Recognition,Item Matrix,Items,Iteration,Jax,Jupyter,K-Fold Cross Validation,K-Means,Keras,Keypoints,Knowledge Transfer,Label,Lambda,Landmarks,Language Model,Language Translation,Latent Dirichlet Allocation,Layer,Leaf,Learning Rate,Least Squares Regression,Linear,Linear Model,Linear Regression,Lit,Log Loss,Logistic Regression,Loss,Loss Curve,Loss Surface,Lstm,Machine Learning,Majority Class,Malware Detection,Matplotlib,Matrix Factorization,Mesh,Meta Learning,Metric,Minority Class,Missing Data,Ml,Mnist,Model,Model Capacity,Model Training,Momentum,MongoDB,Motion Planning,Multi-task Learning,Multiclass Classification,N-Gram,Natural Language Processing,Negative Class,Negative Sampling,Neural Network,Neuron,Nlu,NoSQL,Noise,Novelty Detection,Numerical Data,Numpy,Object Detection,Objective,Objective Function,Offline,One-Hot Encoding,Online,Output Layer,Packed Data,Pandas,Parameter,Partial Derivative,Participation Bias,Pax,Perceptron,Performance,Pipeline,Policy,Pooling,Positive Class,Praxis,Precision,Prediction,PyTorch,Quantile,ROC Curve,Rank (Tensor),Ranking,Recall,Recommendation System,Regression Model,Reinforcement Learning,Reinforcement Learning (Rl),Replica,Responsible AI,Retrieval-Augmented Generation,Return,Reward,Root,Rotational Invariance,SQL,Sampling Bias,Saver,Scaling,Seaborn,Selection Bias,Sequence Model,Shape (Tensor),Shrinkage,Similarity Measure,Smart Cities,Spark,Speech Recognition,Split,State,Static,Static Inference,Stationarity,Step,Step Size,Stride,Summary,T5X,Target,Target Network,Task,Temperature,Tensor,TensorFlow,Test,Text Classification,Text Span,Text-to-Speech,Timestep,Token,Topic Modeling,Tower,Training,Training Set,Transfer Learning,Transformer,Transformer Models,Trigram,UMAP,User Behavior Analytics,Variational Autoencoders,Video Analysis,Virtual Reality and AI,Weight,Weighted Sum,Width,Word2Vec,XGBoost,t-SNE
2021-10-24,43,0,7,17,27,64,25,57,90,27,51,22,59,75,21,80,7,49,78,10,38,56,18,13,67,24,22,47,59,7,5,31,49,48,67,76,68,68,77,16,27,65,54,50,0,86,56,25,66,26,8,30,74,70,47,31,65,36,74,39,63,56,4,67,56,14,50,41,79,78,14,35,5,16,54,22,35,0,62,70,51,53,28,8,75,16,45,48,28,36,60,12,10,63,18,32,10,0,0,61,41,11,64,66,4,21,64,39,72,56,72,48,22,49,11,24,48,25,37,9,22,69,23,3,36,3,15,81,73,63,59,12,27,32,10,14,81,30,46,39,71,16,77,89,66,66,76,20,54,85,14,66,81,57,21,64,63,9,10,12,17,81,19,60,17,40,78,10,92,56,64,56,51,40,9,36,20,22,50,20,11,27,27,61,54,0,22,13,59,68,69,76,32,66,28,9,57,16,73,7,67,57,75,14,80,72,21,73,87,26,54,15,24,21,57,18,38,50,63,10,74,22,0,67,17,73,27,40,56,46,44,33,79,64,16,75,12,28,61,65,68,71,76,0,10,85,73,20,68,13,47,50,82,39,71,41,52,5,41,55,21,86,12,40,72,38,52,54,7,13,9,0,16,67,3,75,13,23,44,56,37
2021-10-31,41,4,8,18,13,66,26,54,81,34,50,17,51,69,18,71,5,49,73,10,35,54,17,21,56,33,20,48,52,4,0,28,38,47,46,71,65,62,67,14,26,63,56,42,16,81,54,14,51,16,7,19,72,64,49,27,59,20,47,33,55,40,3,56,48,12,63,44,78,72,10,41,3,13,48,21,48,4,57,75,45,50,30,7,64,12,33,44,25,28,53,7,13,56,16,25,8,0,8,60,42,7,57,66,7,21,56,50,68,47,65,49,16,35,12,25,42,16,35,6,21,62,20,4,33,13,8,78,70,73,54,12,22,32,6,13,83,26,45,35,61,15,70,85,60,53,71,17,50,87,16,57,71,67,17,56,53,7,9,11,15,82,24,56,9,33,73,11,79,51,60,50,49,24,10,32,27,19,36,23,10,24,24,56,56,8,21,12,60,61,59,69,48,69,28,8,55,17,56,7,64,48,73,14,72,66,13,67,81,26,53,14,28,24,60,16,39,46,66,8,67,8,0,63,46,65,12,33,53,51,38,34,71,49,15,60,7,25,59,56,60,71,62,0,15,81,57,18,61,11,47,55,76,40,62,40,53,5,31,49,18,98,15,39,68,37,45,50,5,17,12,6,5,56,3,74,16,21,41,52,28
2021-11-07,42,8,7,7,18,68,28,59,89,28,53,24,61,70,21,78,9,49,60,10,39,52,20,19,65,45,24,49,69,7,5,34,43,60,66,80,64,66,72,13,22,89,65,56,0,87,56,35,60,25,10,25,75,73,43,33,65,19,62,44,65,49,3,54,49,18,52,40,74,80,10,55,0,16,46,15,57,6,64,79,51,59,28,10,69,36,61,56,26,31,50,10,13,60,18,28,11,6,0,63,43,10,64,77,5,24,62,57,77,57,72,61,14,39,15,23,50,15,37,7,22,65,24,4,38,20,19,79,75,68,65,10,27,33,7,11,77,30,47,38,66,15,75,100,66,50,75,20,54,91,18,66,71,55,17,62,64,7,9,13,14,92,26,64,14,36,97,11,86,62,65,56,56,38,8,40,20,18,45,23,12,28,27,65,54,5,20,15,60,68,68,80,28,66,32,13,63,17,56,13,65,75,77,16,79,70,19,73,86,22,59,13,26,25,54,15,37,53,66,11,74,21,0,66,22,72,0,37,51,49,42,28,75,67,17,65,9,28,65,61,61,74,74,4,20,80,67,20,72,3,49,61,74,42,65,43,59,6,35,56,18,98,14,44,74,41,51,56,1,12,9,18,11,62,0,77,11,22,50,57,39
2021-11-14,35,4,11,8,19,64,25,55,84,35,53,44,56,67,21,74,6,46,46,10,38,46,21,22,65,36,20,46,55,0,0,26,47,54,60,73,65,65,82,11,25,82,56,55,20,76,55,42,57,22,8,28,77,75,54,24,71,31,64,45,61,38,3,54,56,14,60,37,76,69,9,41,2,13,41,24,77,0,64,78,47,51,27,13,66,24,63,57,26,42,54,10,15,56,18,32,14,5,0,56,38,11,59,63,7,19,62,56,71,60,68,56,19,51,13,24,43,14,37,5,24,63,20,0,37,19,24,77,71,60,66,10,31,35,8,13,82,28,46,35,65,15,72,87,55,57,75,19,51,85,15,64,75,78,18,62,65,9,12,13,15,89,20,57,11,36,74,13,80,57,65,51,59,35,9,44,17,22,45,25,11,25,25,67,50,0,18,12,56,64,77,75,34,62,31,0,59,16,56,7,57,56,71,15,75,68,18,79,79,20,56,13,27,16,52,14,43,54,62,15,71,18,0,63,15,66,0,39,46,48,44,26,65,56,22,69,9,28,56,65,60,66,68,0,20,82,63,18,67,8,49,56,67,43,57,41,53,6,37,50,16,87,16,41,68,38,48,50,4,11,10,10,12,59,0,68,18,21,44,54,23
2021-11-21,35,0,7,10,16,56,19,56,75,31,47,35,50,71,21,68,7,39,42,10,36,47,16,8,68,28,21,45,56,11,5,27,36,54,60,72,64,59,66,12,26,68,48,48,11,78,52,31,55,20,9,21,67,67,44,22,56,21,53,40,52,46,5,50,50,15,52,36,70,75,8,43,0,14,35,19,59,2,56,75,41,50,31,7,59,27,46,59,24,24,40,6,15,56,17,26,13,3,0,56,28,11,55,63,0,17,49,52,67,57,57,44,16,45,9,12,43,8,28,4,17,59,14,0,35,0,13,78,64,56,50,17,28,39,7,10,81,27,41,38,61,7,73,85,56,38,66,15,46,90,16,59,63,62,17,57,56,7,11,11,14,91,16,52,12,32,69,12,88,50,59,50,56,33,14,44,15,22,37,19,11,18,26,67,56,0,17,11,59,60,69,71,47,70,26,11,52,15,39,8,55,55,70,13,72,64,17,85,79,24,53,12,24,19,51,15,45,45,60,12,77,12,0,59,15,57,24,36,30,46,42,23,56,47,16,59,4,28,56,61,60,66,68,4,18,76,65,17,53,6,71,64,74,47,57,39,66,5,37,54,5,87,10,40,65,39,48,53,3,12,11,10,20,53,0,68,14,22,42,52,31
2021-11-28,44,5,6,0,22,60,24,62,82,28,47,47,62,74,21,76,6,52,40,11,34,46,19,12,71,28,19,48,57,4,2,27,46,50,65,73,65,66,71,13,22,74,53,54,0,80,52,21,65,22,8,31,72,78,35,26,64,20,65,35,57,60,0,56,48,14,54,37,74,76,12,49,4,14,43,16,56,9,59,78,46,50,28,7,63,27,40,53,25,35,49,14,14,56,18,34,15,4,0,57,37,8,60,76,4,19,59,41,68,56,70,57,15,50,16,20,49,12,36,8,19,63,22,0,34,19,15,71,71,61,57,11,32,55,3,14,84,30,45,38,62,13,73,77,65,53,75,19,55,92,18,64,76,69,19,63,63,15,11,12,15,91,22,56,14,32,72,12,84,56,65,56,63,34,8,46,12,23,45,24,11,23,27,75,52,6,18,12,63,65,62,69,37,69,33,9,56,16,52,4,59,56,73,14,77,66,22,83,85,22,56,14,26,15,48,15,52,55,61,11,77,22,0,73,100,65,15,38,43,49,44,22,48,56,12,65,8,26,57,65,56,61,70,4,13,79,65,20,66,3,59,67,100,45,59,40,64,5,31,42,25,85,18,43,70,41,43,60,8,15,10,8,17,64,3,73,15,20,45,60,30
2021-12-05,49,0,8,7,20,65,25,60,88,31,52,78,62,74,22,80,0,50,42,11,40,59,20,6,69,40,24,47,70,0,4,33,47,56,71,75,68,73,73,15,34,80,62,73,0,85,59,11,66,25,10,25,76,70,46,31,65,28,62,39,61,65,6,56,52,16,64,36,81,77,14,36,3,15,46,15,55,4,66,81,49,54,34,8,68,23,95,81,26,36,55,11,8,57,19,36,12,4,3,62,43,12,64,84,4,23,60,63,73,71,79,56,17,52,13,23,50,14,38,7,25,71,20,4,41,20,15,80,75,65,57,15,31,57,7,13,77,30,47,46,67,15,80,78,83,65,77,21,62,82,22,73,75,85,18,70,62,8,11,13,22,98,25,62,14,47,78,13,90,54,75,56,57,39,15,53,14,24,51,34,12,26,28,68,54,6,20,13,65,67,77,78,41,68,34,9,62,17,66,4,59,66,78,14,81,73,20,82,87,23,57,14,31,15,48,17,51,67,69,13,78,22,4,74,14,69,0,40,52,52,46,24,73,66,21,67,10,24,63,64,68,65,70,0,14,86,73,19,70,11,57,67,97,46,62,42,63,6,45,59,17,76,12,42,76,48,59,64,4,16,10,9,18,64,5,74,20,23,48,69,48
2021-12-12,46,0,8,9,24,66,24,75,79,28,51,33,57,71,22,72,0,53,39,11,38,47,19,15,62,43,21,47,63,13,3,26,39,52,66,71,67,61,75,12,26,69,56,55,0,78,53,24,57,25,9,30,72,70,46,30,54,18,65,48,56,62,4,53,56,16,53,36,76,72,12,54,6,13,32,20,40,6,64,71,45,54,33,6,59,24,95,62,25,31,52,10,8,56,18,32,9,4,7,62,34,6,62,72,0,20,57,47,71,68,75,52,18,56,16,18,46,20,37,9,25,66,25,0,39,13,14,72,71,62,53,15,31,32,5,13,87,27,40,37,66,13,79,73,63,57,67,17,56,67,19,62,68,61,18,67,61,7,9,11,18,78,22,57,9,45,79,11,76,53,62,50,49,28,10,55,15,21,44,20,11,21,25,56,53,0,19,11,56,62,56,77,50,67,33,8,56,16,45,8,57,57,73,13,79,72,19,76,89,19,54,13,31,16,49,20,47,56,61,10,75,16,0,76,13,66,0,38,48,52,45,20,64,53,12,63,9,22,61,61,57,61,70,5,20,85,66,21,61,9,60,71,65,53,59,40,69,5,39,37,20,73,13,41,65,39,53,53,3,7,8,8,9,55,3,75,14,20,43,61,32
2021-12-19,25,0,3,9,13,60,18,92,70,28,49,57,50,72,17,65,5,44,37,8,37,43,16,19,52,41,16,48,54,10,4,28,26,42,63,71,56,54,61,10,10,41,45,51,28,76,50,31,39,18,7,24,59,62,31,20,44,11,49,38,46,33,3,49,50,13,53,35,74,68,4,26,0,8,43,15,47,14,56,63,34,60,28,7,39,34,24,33,18,22,40,6,14,53,14,23,13,0,0,72,21,8,59,66,3,16,36,40,66,56,45,40,10,25,10,11,31,9,25,6,12,53,21,0,42,13,19,73,56,62,43,11,23,22,7,8,78,24,34,24,63,11,72,65,47,25,41,9,34,63,12,42,68,43,11,56,55,3,7,9,13,68,15,48,7,42,83,10,80,51,56,41,45,23,8,34,4,19,36,17,10,15,28,52,55,7,8,8,52,46,35,75,43,64,26,9,48,12,26,0,50,44,63,10,65,60,13,63,78,18,48,8,15,24,43,22,47,31,54,10,70,19,0,79,13,57,0,33,21,56,38,17,35,33,12,57,7,20,60,60,56,54,57,0,9,80,44,24,44,6,75,50,47,73,52,36,77,3,33,36,15,73,14,42,59,30,36,48,11,14,8,4,6,38,0,67,10,18,32,49,20
2021-12-26,26,0,4,0,12,66,17,89,68,24,47,0,39,69,14,51,5,35,35,6,31,22,14,6,47,19,12,47,35,16,0,100,23,38,47,68,49,50,50,6,9,33,36,40,12,77,52,16,32,15,4,19,37,45,25,13,38,6,38,24,33,28,0,49,48,14,41,31,73,69,6,27,3,7,27,16,38,5,49,65,28,57,27,5,30,35,21,26,16,10,31,3,11,56,12,22,4,4,0,57,15,4,55,62,2,12,30,44,71,43,36,36,11,21,6,8,21,0,17,4,9,39,22,0,32,6,11,77,42,66,37,4,17,18,4,5,76,20,31,19,60,11,66,68,36,7,35,7,25,73,12,34,81,18,9,47,46,2,4,7,10,73,19,41,3,42,66,7,75,46,36,38,39,9,5,23,18,15,24,11,9,12,28,42,53,0,7,6,44,38,23,81,22,61,21,2,37,9,17,0,57,36,56,9,64,49,11,56,69,19,37,7,15,0,41,15,37,23,38,10,76,12,4,92,11,55,21,23,14,60,34,14,23,35,6,54,2,16,56,52,56,60,49,5,7,75,47,25,40,7,52,40,38,59,47,33,89,3,24,49,10,67,11,39,55,27,32,42,4,9,6,9,7,41,0,75,3,18,30,34,11
2022-01-02,49,13,11,23,22,81,21,100,83,28,62,14,68,81,22,73,3,52,42,13,45,50,21,15,73,27,25,66,83,33,8,65,40,47,63,91,75,73,76,17,24,67,56,74,0,87,64,34,67,30,8,34,60,75,51,31,92,17,67,52,62,50,10,74,62,21,74,37,89,90,8,40,0,15,61,21,69,9,76,73,49,74,43,14,61,51,23,45,25,37,60,11,19,76,19,30,15,15,12,67,31,8,74,62,2,20,56,40,84,76,64,64,20,57,13,15,47,7,35,8,18,71,25,0,39,14,26,100,81,74,64,9,30,25,7,12,91,32,45,37,78,15,88,76,76,28,61,13,48,85,35,65,96,46,18,72,73,5,6,12,18,91,36,64,14,52,78,14,94,68,71,59,64,28,11,47,10,28,44,30,14,18,50,70,61,6,15,12,78,68,52,96,53,72,23,11,66,16,38,3,82,57,75,13,85,73,21,91,95,22,59,12,31,20,56,14,66,44,71,11,88,25,14,100,13,69,14,41,40,63,52,24,37,46,21,74,6,27,73,75,74,67,80,4,10,93,74,35,66,5,47,73,66,75,67,50,100,7,47,60,20,96,18,47,79,43,56,56,9,12,11,8,18,75,12,94,14,23,46,56,48
2022-01-09,60,6,6,14,24,69,21,84,76,37,56,45,65,71,21,76,25,56,41,11,43,61,21,9,69,56,22,57,68,28,9,34,41,49,62,91,84,73,80,12,32,78,56,66,0,86,56,26,69,25,9,33,76,84,41,28,75,28,69,48,71,55,0,56,66,19,65,35,83,82,6,36,3,14,54,19,56,7,78,77,51,66,35,11,67,40,19,46,26,32,57,11,17,79,20,30,12,8,0,66,37,8,66,63,4,19,60,63,75,70,71,50,20,63,14,20,50,14,40,8,20,69,21,14,40,15,15,81,83,74,79,13,34,28,6,14,85,35,47,39,70,11,87,72,71,36,65,15,48,79,22,61,82,49,21,67,83,5,9,14,12,83,28,71,7,44,78,14,91,62,64,56,70,47,18,40,20,28,47,23,13,20,40,79,56,0,22,13,76,70,63,79,59,75,21,8,67,18,49,4,70,56,76,14,81,73,21,75,91,22,62,15,28,0,53,17,60,49,66,8,73,15,0,88,10,72,18,46,39,57,54,23,56,57,16,75,16,27,67,87,70,64,77,0,16,84,68,31,67,10,37,70,68,72,65,48,80,7,53,67,21,86,17,42,78,41,62,53,8,17,12,10,4,67,6,80,14,25,47,68,36
2022-01-16,59,0,12,5,24,70,23,74,76,39,53,27,66,82,21,74,3,59,41,11,42,70,21,22,86,87,23,56,74,10,5,28,44,46,65,91,85,70,83,15,28,71,61,60,10,82,57,23,67,28,11,43,76,79,60,31,74,26,75,39,69,56,6,57,67,19,70,36,83,83,9,37,2,15,47,24,67,13,82,70,53,57,39,11,68,33,18,44,28,46,65,12,12,72,21,32,6,13,0,59,34,11,66,62,6,21,63,63,77,74,77,53,24,55,22,21,52,27,40,7,24,78,19,5,44,18,23,85,82,66,77,11,35,32,7,16,81,33,46,40,73,8,88,73,68,40,67,17,51,76,22,67,79,67,23,71,73,6,12,15,15,82,27,73,8,47,74,11,83,60,79,55,71,52,5,54,26,28,61,30,13,26,37,73,57,9,26,14,79,73,84,83,35,72,33,9,73,18,56,3,67,57,73,15,82,69,26,73,94,19,66,16,28,12,65,14,62,49,80,11,71,22,3,76,11,72,0,44,56,55,56,23,68,83,18,74,11,25,66,85,68,59,85,12,18,81,80,22,66,7,38,75,71,62,73,50,76,8,51,55,27,78,19,41,72,40,59,56,5,15,13,9,22,61,9,79,19,24,53,66,35
2022-01-23,64,3,7,0,25,73,26,73,77,54,57,70,73,81,24,83,9,64,37,13,44,57,23,19,85,100,25,56,85,23,0,30,48,50,63,92,87,81,87,15,37,84,63,80,0,91,59,35,79,33,10,36,83,88,63,36,95,30,82,42,66,60,8,56,76,24,65,33,83,85,8,50,3,15,50,27,66,5,74,75,56,66,37,11,81,38,18,46,31,44,64,16,17,73,23,36,14,6,0,62,41,6,69,70,8,27,65,53,80,71,86,75,17,66,15,21,51,18,41,9,27,76,28,0,38,11,35,86,86,68,81,10,30,36,10,15,84,36,46,44,73,12,96,73,78,43,74,19,56,78,22,69,76,65,24,74,79,10,11,18,23,86,31,73,14,48,74,12,84,61,76,62,71,39,14,62,36,30,72,47,14,30,33,76,55,5,30,15,75,81,87,82,17,71,48,7,71,20,65,6,67,73,72,18,80,81,30,68,84,16,71,17,36,28,61,13,68,51,75,11,73,25,0,83,12,77,44,46,63,54,63,27,68,81,19,71,15,31,66,96,72,61,92,3,15,95,89,22,71,0,35,71,76,75,74,55,67,8,49,69,7,73,21,37,74,44,70,54,8,10,10,8,10,64,7,82,16,25,53,66,37
2022-01-30,61,16,7,11,21,71,25,69,81,45,56,37,74,71,23,80,7,52,38,10,48,76,21,13,76,68,25,56,84,19,2,32,45,52,73,94,84,81,84,11,36,82,63,71,0,89,56,24,74,28,10,40,87,99,57,39,81,35,93,55,72,59,6,64,61,17,71,35,87,91,15,57,5,16,28,22,72,8,85,68,56,63,38,13,75,24,18,44,28,53,57,13,15,77,23,33,9,9,0,43,39,12,76,59,5,23,65,51,79,81,86,68,20,68,17,26,51,23,39,8,25,81,24,0,42,11,17,93,91,70,80,16,32,30,8,15,85,35,46,46,75,11,80,78,72,54,78,17,55,69,20,65,79,57,22,63,75,9,9,16,18,86,41,67,14,48,74,12,90,65,74,56,66,48,4,62,23,30,66,24,13,31,33,80,56,9,28,15,67,81,75,87,56,74,42,17,72,19,62,7,71,69,75,20,86,78,24,71,93,18,55,17,34,25,63,13,57,52,66,6,76,32,6,79,41,82,0,49,63,62,61,25,73,68,14,67,9,27,66,84,77,64,85,4,19,83,73,22,78,8,38,67,73,64,67,45,65,7,52,57,6,78,17,41,74,42,56,60,10,13,11,10,8,70,5,82,15,25,53,56,50
2022-02-06,69,0,9,12,20,70,26,67,74,50,54,14,67,70,26,81,7,67,39,13,40,59,25,19,84,69,26,52,80,0,5,30,44,48,75,93,84,83,89,14,37,84,73,66,10,88,57,23,83,39,12,35,88,92,55,42,77,39,85,52,78,61,10,61,67,19,78,35,84,87,13,50,8,20,50,24,74,7,89,69,57,60,35,14,85,28,23,56,33,47,62,16,20,76,31,33,18,11,0,56,48,13,68,60,4,26,68,64,80,81,86,76,21,63,19,28,48,6,42,9,28,81,34,0,44,15,16,87,87,64,84,18,30,35,9,26,85,38,51,53,78,17,86,74,77,65,81,19,60,71,33,75,81,69,26,72,75,9,15,20,21,85,32,69,13,48,78,13,87,69,91,59,72,41,14,65,23,27,69,39,14,33,36,82,60,6,31,15,78,90,95,87,100,69,41,0,81,21,83,12,66,61,81,21,90,79,28,61,91,19,73,18,36,34,54,15,71,62,85,11,72,23,0,86,11,77,0,48,67,60,56,28,77,75,26,80,10,26,73,73,72,63,85,3,18,86,91,20,75,11,38,81,74,53,78,53,59,9,54,46,47,84,22,41,78,46,61,59,8,18,12,6,17,79,3,84,22,27,68,71,47
2022-02-13,73,4,10,11,32,75,27,67,89,44,57,78,88,75,28,91,14,78,39,12,48,80,28,33,85,63,25,56,90,14,4,34,49,50,89,89,93,89,98,14,39,78,73,76,17,94,68,42,90,33,15,42,92,91,51,45,76,64,94,62,92,74,13,67,83,23,88,36,95,90,15,55,3,20,59,27,71,5,95,72,62,60,37,17,95,49,27,55,33,59,74,22,28,77,100,36,12,6,0,61,62,11,75,62,2,27,80,67,86,91,97,66,25,71,21,26,50,25,48,13,35,94,28,5,44,17,26,88,94,64,90,15,35,44,11,69,92,42,51,54,77,21,100,73,89,69,80,22,76,70,27,84,82,83,33,90,88,10,11,21,26,93,41,73,14,56,87,15,93,71,87,65,78,40,9,70,18,33,79,41,18,38,33,94,60,5,35,21,93,95,93,94,39,70,55,12,84,23,89,7,69,79,90,19,92,90,30,57,94,18,93,17,38,23,59,28,69,71,98,8,75,32,0,88,10,80,17,50,67,61,66,28,93,100,25,83,17,30,62,93,69,62,100,5,24,88,84,22,85,19,38,78,86,54,84,69,61,15,60,60,38,82,20,43,81,45,70,63,9,16,18,10,13,76,7,83,19,28,78,81,48
2022-02-20,68,3,12,11,32,73,27,69,83,46,56,57,81,78,27,87,5,76,38,16,50,69,27,24,96,64,28,53,95,11,5,28,51,52,87,94,87,84,95,15,40,69,73,75,12,98,73,34,92,32,16,41,85,87,64,43,73,99,96,62,85,65,12,65,78,21,91,35,87,90,10,43,4,21,62,23,74,6,87,72,63,60,38,13,90,32,32,56,33,64,80,16,22,82,91,39,18,9,5,61,60,13,72,67,6,31,69,91,91,89,88,70,31,79,19,25,49,16,45,13,34,97,31,5,42,19,28,95,90,64,85,18,48,43,10,70,87,40,51,65,83,17,92,83,97,67,86,22,72,71,21,87,82,82,33,79,90,12,17,19,22,87,44,77,17,55,75,15,90,70,87,60,75,48,17,62,22,32,77,42,17,36,35,95,57,3,37,17,83,96,84,88,65,69,49,13,83,23,79,10,62,95,84,30,90,85,34,56,91,18,86,18,42,28,72,19,78,71,91,13,81,35,0,84,11,78,0,42,64,60,66,28,94,97,22,92,18,32,65,92,74,64,89,0,19,88,100,22,81,2,38,84,83,52,80,63,60,16,60,56,18,74,23,44,76,47,65,60,10,11,15,7,19,77,7,85,19,28,80,77,54
2022-02-27,68,3,15,12,27,70,28,63,84,59,56,27,70,80,26,97,12,70,37,16,48,71,28,20,94,55,28,56,96,8,6,28,50,56,90,93,88,87,92,17,46,80,75,73,11,94,69,35,90,40,15,37,86,86,73,45,78,88,98,56,88,81,7,71,74,22,87,34,88,93,15,51,3,25,53,27,78,4,88,81,69,53,38,12,93,36,22,53,33,60,80,24,22,79,79,40,20,3,2,63,62,15,75,65,8,30,74,83,90,94,94,63,25,84,20,27,56,30,52,10,32,89,28,2,39,20,23,97,91,57,87,14,36,41,9,63,81,39,51,65,79,21,88,84,98,73,78,22,79,70,28,83,88,96,31,84,85,8,11,20,26,90,39,77,18,54,78,14,94,80,90,59,79,72,14,75,13,30,90,41,16,36,35,100,59,9,36,17,91,100,100,95,62,66,51,13,84,22,79,8,61,92,83,28,91,83,35,56,92,18,81,17,35,21,57,21,80,72,94,13,71,36,5,83,11,82,0,54,60,65,96,27,90,89,32,80,14,28,68,91,73,76,94,0,19,84,90,24,86,11,40,80,82,50,78,60,63,14,48,56,24,69,22,48,77,45,68,57,10,15,14,7,17,72,3,88,23,27,70,74,62
2022-03-06,59,3,10,16,25,73,27,65,83,49,59,77,90,80,27,100,8,63,38,18,43,83,25,25,99,82,28,56,99,11,6,30,52,52,91,97,93,90,98,20,45,82,72,82,0,96,71,46,89,36,16,44,83,93,59,40,75,73,90,57,90,69,5,100,82,26,76,37,89,93,13,51,0,22,65,25,74,10,92,72,65,53,37,19,97,34,38,64,36,57,99,15,19,79,80,37,17,3,0,64,63,15,75,71,11,30,74,79,88,87,94,90,26,83,21,27,53,9,56,16,33,92,25,6,39,23,20,95,100,60,94,15,43,60,11,53,85,40,53,56,79,19,91,87,96,53,100,22,80,67,22,86,89,86,32,89,83,12,15,20,27,90,43,73,19,56,76,16,94,100,86,68,87,49,13,70,24,35,99,38,17,37,42,82,56,6,33,18,86,94,91,90,71,70,62,12,90,22,80,11,61,81,89,38,89,96,38,64,92,19,97,18,39,24,59,17,75,72,92,11,70,31,15,84,11,83,9,46,66,63,100,28,93,97,25,100,16,31,72,91,81,69,95,0,17,90,93,24,90,28,38,81,82,50,82,63,63,13,61,56,19,72,26,47,80,48,75,63,10,17,14,8,22,74,6,84,24,28,61,83,41
2022-03-13,71,9,11,15,27,76,24,66,82,56,62,37,85,77,27,98,9,70,37,17,46,83,30,12,90,60,34,56,85,13,5,28,42,54,77,90,98,89,88,22,47,86,75,85,0,97,86,32,95,32,11,44,90,87,51,37,77,76,92,54,93,75,14,75,85,23,74,43,98,92,10,43,5,22,62,26,70,5,93,78,66,54,37,17,93,42,68,74,35,51,70,20,20,72,71,40,28,5,0,69,61,14,77,73,8,28,65,96,89,90,94,86,20,86,22,24,59,22,45,14,31,92,38,0,40,14,37,92,90,66,96,16,40,64,10,46,91,43,52,56,76,24,99,89,95,62,82,22,80,67,25,88,86,80,31,91,87,11,12,20,24,88,45,69,18,55,80,16,93,78,87,64,88,47,11,90,21,33,67,54,19,33,44,84,59,9,34,19,99,84,75,87,54,71,52,13,95,23,73,6,64,85,84,21,87,86,26,63,90,21,92,19,44,21,62,15,73,74,95,14,70,28,0,80,11,82,24,51,61,64,93,28,89,84,26,94,17,34,72,89,79,73,89,0,20,87,91,24,70,12,41,70,81,56,88,66,61,13,68,57,30,72,16,48,83,49,69,64,11,13,16,7,11,86,2,87,18,28,74,76,45
2022-03-20,72,0,11,13,22,72,27,66,77,40,57,47,80,72,26,92,0,74,38,17,44,89,30,28,89,44,28,54,90,12,7,30,51,53,76,86,90,84,93,18,48,87,76,80,0,100,78,21,93,35,12,39,79,90,71,35,77,50,93,54,93,83,8,64,85,25,84,41,87,91,12,50,7,21,74,22,79,9,90,79,60,56,46,16,93,25,100,95,35,54,88,18,15,77,68,39,21,10,0,65,59,13,75,67,9,28,67,63,89,80,89,81,24,67,20,26,56,14,51,13,32,89,41,4,41,18,25,91,94,59,89,23,39,46,8,36,88,40,56,61,77,19,91,85,88,66,86,22,81,63,23,85,86,80,31,91,91,8,16,19,19,90,39,71,7,56,79,17,96,78,88,66,84,41,10,80,27,32,71,40,18,36,42,88,59,13,32,17,93,90,75,89,49,70,53,18,89,22,65,3,60,95,89,19,91,87,27,64,93,16,91,17,40,35,69,19,71,70,90,19,77,30,0,81,9,85,7,51,68,66,89,28,91,83,20,82,9,34,79,98,80,69,91,0,22,86,86,26,77,13,35,75,75,49,91,62,55,12,56,65,27,67,26,50,79,46,74,59,7,12,15,6,18,72,2,92,20,28,76,80,28
2022-03-27,77,0,12,4,26,78,27,67,84,42,56,81,90,76,26,100,9,72,45,15,45,82,30,27,100,44,26,57,98,12,8,32,50,61,78,100,92,100,90,21,55,87,73,85,0,97,74,45,94,36,15,36,90,100,65,46,77,43,88,54,92,85,7,67,87,23,82,39,92,97,12,45,9,22,79,25,78,10,94,79,65,55,37,16,97,34,79,93,36,62,82,18,19,76,61,41,21,8,0,63,61,16,79,66,7,31,76,90,85,85,94,75,27,84,20,28,56,30,55,11,36,96,36,5,44,16,32,88,96,63,100,12,40,39,12,32,89,42,72,61,78,17,91,77,99,68,83,21,81,64,28,96,89,98,32,95,88,10,13,21,31,89,38,76,16,54,77,18,97,79,100,69,94,44,11,96,21,33,68,46,17,32,38,85,59,9,32,19,95,93,82,86,60,71,56,14,100,24,71,8,62,82,91,19,92,84,30,62,94,19,97,19,38,20,71,18,81,74,93,12,75,34,3,83,9,89,0,53,80,67,84,30,95,94,19,78,17,32,66,96,85,63,92,2,19,94,82,25,87,6,39,82,73,52,97,66,54,11,61,59,31,77,27,47,79,52,82,60,10,16,15,7,17,82,3,87,18,28,74,89,65
2022-04-03,85,8,9,13,28,77,28,67,84,48,54,61,93,70,25,91,11,66,43,14,46,87,30,22,86,42,31,56,99,8,4,31,48,53,72,98,88,89,87,17,56,90,67,85,0,97,70,40,97,36,13,41,84,95,62,39,76,53,100,48,100,66,10,64,84,23,93,40,91,88,13,51,5,25,71,22,88,11,86,79,65,57,36,18,93,28,50,73,34,56,100,21,15,77,62,45,20,12,0,56,61,15,79,72,9,31,77,83,90,87,91,71,28,92,27,30,56,18,64,13,35,100,33,6,42,18,23,85,95,63,97,15,41,35,9,28,84,42,74,64,79,24,93,80,95,64,87,22,89,67,22,88,84,98,31,96,90,11,12,21,23,90,39,76,21,52,79,18,92,80,99,68,100,47,10,95,22,34,74,49,19,35,45,86,55,9,36,19,100,88,83,81,33,66,51,14,97,21,76,8,65,88,95,18,94,88,28,71,85,19,99,20,43,15,63,18,89,77,90,16,71,26,5,88,8,87,7,50,81,65,79,30,92,98,26,84,17,35,65,89,88,63,94,3,22,85,92,24,88,16,40,100,73,55,86,69,54,11,63,51,21,68,21,45,78,48,83,60,10,15,16,3,20,86,6,90,24,28,70,86,64
2022-04-10,72,0,10,17,26,77,26,63,80,50,53,71,82,71,24,89,9,67,42,16,41,80,26,22,83,46,23,51,90,13,6,32,43,48,74,89,84,79,79,19,42,83,74,83,50,98,76,41,86,34,10,37,76,80,60,32,72,41,82,47,86,65,5,61,83,24,84,33,85,85,14,55,6,21,73,23,57,6,82,74,57,56,38,16,79,37,54,76,30,56,78,15,14,73,43,36,19,6,4,61,53,12,74,70,8,28,66,71,95,74,84,74,26,82,20,28,56,21,47,12,28,87,26,3,45,16,20,90,84,65,87,18,46,36,10,23,77,41,49,50,76,10,94,83,86,68,74,21,83,63,25,88,83,84,25,91,84,11,12,19,22,93,40,70,17,56,87,17,89,71,83,59,83,46,15,92,21,30,61,33,18,30,39,80,56,4,27,17,91,85,78,88,75,65,52,13,88,20,63,7,63,89,86,16,86,80,26,68,84,20,95,19,36,14,56,23,76,74,88,15,74,27,2,87,17,80,15,45,56,70,81,28,94,86,32,78,18,27,69,83,94,69,82,0,19,83,91,23,75,11,39,77,62,53,81,57,48,10,50,56,24,61,27,46,71,45,71,55,10,17,14,10,18,80,4,92,17,27,90,79,33
2022-04-17,81,3,13,13,30,78,30,67,82,56,60,70,80,62,25,92,11,73,40,16,44,100,31,18,86,44,28,56,99,7,7,34,45,51,82,96,90,81,82,20,54,82,82,92,0,99,72,33,99,41,13,41,87,84,66,40,81,40,89,49,90,81,10,62,93,25,87,37,89,91,13,55,7,23,66,20,91,7,92,78,65,55,35,18,92,35,55,91,34,54,88,14,16,73,39,43,17,6,3,64,61,16,78,70,16,30,74,84,93,91,97,83,31,100,26,28,51,15,56,11,35,95,34,2,51,18,23,90,93,62,96,18,49,40,15,28,84,42,62,60,79,17,88,84,89,81,79,23,95,63,23,100,84,90,27,100,96,11,11,21,28,90,40,74,15,56,82,20,99,74,99,64,87,64,15,100,27,28,71,51,21,31,42,86,57,0,40,18,95,80,76,88,63,68,43,15,94,22,66,4,78,88,89,16,90,92,27,60,92,19,99,19,42,31,56,20,89,82,89,18,70,25,2,86,13,84,12,48,73,66,76,30,86,94,26,84,13,30,69,90,82,66,89,4,27,84,89,27,92,8,40,71,76,56,82,68,49,11,61,49,26,64,24,51,72,47,70,55,7,16,15,9,20,87,5,88,19,27,79,100,50
2022-04-24,78,3,12,22,28,73,26,63,77,43,61,80,86,72,25,98,8,67,37,16,42,99,31,20,84,46,27,51,97,0,10,30,48,56,84,92,87,85,81,15,56,77,77,98,0,93,68,46,100,39,13,41,84,88,70,38,85,38,82,46,89,70,14,56,86,24,80,41,86,89,15,68,7,24,59,23,85,5,84,79,67,56,37,14,85,53,52,100,31,54,77,22,13,71,37,42,15,9,3,61,56,16,79,66,7,30,72,89,93,84,100,80,27,97,25,30,54,15,61,11,33,90,37,3,48,22,24,85,90,63,89,20,47,27,8,23,86,40,71,60,77,25,87,84,87,88,86,23,98,70,27,99,82,88,28,93,98,9,12,20,28,85,37,70,16,56,94,18,92,74,95,67,86,53,17,87,28,30,65,41,19,30,44,82,57,10,42,19,89,78,70,82,69,67,50,19,93,21,61,10,61,92,86,16,90,90,27,67,89,17,93,20,48,20,54,19,80,81,89,12,67,27,0,76,14,84,0,48,72,69,71,31,89,94,24,81,16,34,69,90,84,60,83,0,21,85,87,23,95,16,38,79,69,67,79,67,49,10,56,62,28,62,27,45,72,47,72,56,6,17,15,5,27,83,2,91,22,27,80,89,56
2022-05-01,74,0,8,19,26,73,28,62,76,48,56,49,77,66,22,88,9,64,38,15,39,79,27,27,81,47,23,53,92,13,7,32,43,51,77,84,78,79,82,18,46,76,72,88,22,92,64,34,85,36,11,33,81,81,60,39,84,34,86,44,87,78,9,56,79,26,73,39,77,91,15,57,7,21,56,25,59,12,79,76,56,55,36,15,78,43,45,72,30,55,82,14,13,76,32,39,15,2,2,66,49,15,78,64,7,28,67,70,89,72,94,63,27,86,25,28,51,18,52,9,33,95,32,6,57,16,22,83,83,68,87,23,40,22,11,20,83,38,69,56,76,16,84,77,92,77,75,21,100,71,26,94,80,76,22,93,90,11,12,20,19,89,42,71,16,57,80,15,88,66,78,59,82,38,16,76,16,30,65,35,16,27,38,83,61,5,28,16,94,70,68,81,57,71,41,18,90,18,62,9,57,88,80,16,94,86,28,68,86,16,88,18,39,24,54,16,83,79,82,17,74,35,0,68,12,84,11,44,71,73,64,28,87,81,23,75,10,28,69,86,83,63,80,2,25,83,78,24,90,11,35,81,62,57,83,65,48,8,55,60,24,60,24,47,71,43,73,52,10,14,14,6,16,81,7,90,13,27,67,84,46
2022-05-08,79,0,11,9,25,68,31,62,79,37,57,38,91,67,25,88,9,72,37,19,43,100,30,26,84,40,28,50,100,12,9,28,42,51,80,92,86,78,84,16,50,79,81,100,8,86,63,35,82,39,12,38,88,83,52,34,77,39,83,52,85,80,9,54,83,28,81,35,81,91,14,48,5,21,74,21,74,7,88,70,66,50,34,16,76,40,56,93,32,56,79,16,14,77,31,40,22,3,3,62,49,15,74,64,7,28,72,72,86,79,84,83,28,97,23,27,48,11,54,10,32,91,33,4,57,21,22,80,86,62,88,13,46,30,12,19,81,40,85,51,79,19,86,78,92,64,75,20,81,63,27,88,78,68,23,99,98,13,12,19,24,89,39,68,16,46,75,18,90,65,83,64,86,40,17,91,31,28,76,34,20,28,39,88,56,5,30,17,93,79,60,82,56,65,44,14,90,20,56,9,56,93,82,18,92,89,27,62,83,19,89,20,42,22,54,16,88,71,93,17,69,38,0,68,10,80,0,48,73,78,65,28,100,85,26,75,10,30,67,83,82,64,84,2,23,86,78,24,87,7,38,82,65,66,90,64,51,9,60,67,26,62,25,44,72,46,73,55,10,13,18,14,19,78,7,79,22,27,67,84,53
2022-05-15,72,0,9,11,25,71,25,59,76,46,55,76,76,76,24,86,9,70,38,15,40,72,26,11,77,42,25,51,89,16,4,30,41,55,71,87,80,81,78,17,48,75,65,86,37,90,57,37,86,30,12,36,89,86,62,37,78,43,78,50,81,69,7,52,78,25,81,35,82,83,8,37,8,19,59,26,92,4,89,68,61,51,34,15,77,44,40,71,31,56,76,14,15,74,28,37,15,9,2,68,45,13,74,65,7,25,68,71,90,70,78,61,26,81,20,21,50,12,46,9,31,92,24,3,52,18,21,78,82,63,88,13,41,31,10,20,87,38,79,63,81,17,83,82,86,47,74,17,62,60,27,78,91,59,19,94,85,9,7,18,21,86,39,65,17,49,76,17,91,70,76,68,83,35,17,76,25,27,62,28,19,25,41,78,56,5,33,15,79,81,59,86,61,62,40,14,87,20,54,7,57,79,80,17,83,86,22,63,81,16,87,19,35,28,51,19,85,65,86,16,64,27,0,66,12,76,0,47,56,73,60,43,73,74,19,71,12,30,67,82,81,62,79,0,19,84,75,22,84,12,40,67,70,74,78,62,47,8,52,67,20,61,21,44,70,40,69,59,12,17,13,3,16,75,3,88,15,25,59,82,47
2022-05-22,66,0,13,9,27,76,25,57,80,46,56,53,90,80,25,82,10,57,37,15,44,74,28,11,72,31,24,53,80,20,11,28,44,52,71,96,88,77,80,20,48,65,66,81,0,92,52,34,88,31,11,42,91,81,74,37,75,30,79,47,78,63,4,55,80,24,72,36,86,86,6,33,3,20,57,24,66,6,84,69,56,53,33,14,72,44,68,91,30,28,90,18,17,77,28,36,16,8,3,64,47,13,76,71,11,25,64,70,91,77,76,71,23,89,18,21,48,14,42,11,26,85,21,6,49,16,24,86,84,65,82,16,46,35,9,20,80,40,67,51,82,20,88,79,85,39,72,17,63,61,24,83,76,48,19,97,88,8,11,17,23,89,37,65,13,47,70,16,87,77,79,64,84,30,15,68,30,33,64,43,18,27,42,81,55,2,34,15,93,74,55,83,51,65,38,18,91,18,55,3,59,78,77,16,88,82,22,65,92,16,84,20,35,22,56,62,79,62,80,11,71,35,3,72,11,73,0,48,38,82,66,28,65,77,24,79,13,28,68,79,78,65,80,0,24,88,75,21,77,6,38,63,66,56,80,57,49,9,51,61,30,56,21,44,77,41,71,53,10,14,13,3,17,75,2,85,14,23,63,87,44
2022-05-29,70,12,9,12,17,70,22,55,78,37,53,23,82,71,22,85,12,62,35,14,42,62,24,15,76,36,26,49,76,6,5,32,35,56,72,82,78,69,73,15,46,68,56,84,0,84,53,30,82,25,9,32,79,81,62,28,69,28,69,49,76,63,5,53,75,22,61,32,79,81,19,72,11,19,42,17,75,7,73,69,80,53,32,14,69,24,56,80,27,39,62,13,14,73,26,34,15,0,2,63,40,9,72,61,7,24,54,73,88,71,64,53,25,83,17,23,45,15,36,11,25,77,23,12,50,16,14,79,79,70,89,17,43,38,10,19,78,41,50,45,78,22,79,84,83,47,65,16,57,66,21,72,75,55,17,84,83,7,13,18,23,89,33,64,10,42,78,15,87,66,77,68,81,42,9,82,21,27,52,28,16,23,43,78,56,4,28,14,86,71,54,86,50,69,38,19,80,18,47,4,52,79,76,15,80,82,20,65,74,14,82,18,31,21,60,27,70,61,75,14,66,26,0,63,8,71,15,44,40,78,59,26,60,53,16,71,13,27,68,77,82,59,75,0,20,83,71,19,67,13,40,59,64,53,70,61,48,8,49,60,25,56,25,44,69,42,67,50,9,14,12,5,17,68,5,80,12,23,63,72,68
2022-06-05,72,9,10,15,17,72,30,57,79,36,54,61,85,72,25,82,7,81,39,16,43,92,26,27,72,48,23,52,88,16,8,33,38,49,76,87,86,76,77,19,41,71,59,85,9,96,56,27,83,32,10,39,87,79,73,31,70,33,71,50,81,64,7,57,73,24,76,34,84,89,20,98,7,19,66,21,70,9,83,76,95,55,35,15,71,40,39,72,28,43,82,11,18,80,28,33,16,5,0,66,40,14,76,61,3,27,56,68,87,76,75,76,27,88,18,28,53,14,38,7,26,86,28,3,52,14,15,85,86,74,74,20,42,49,10,15,83,39,52,54,78,12,82,84,82,47,67,16,56,67,20,75,79,52,17,88,84,8,11,17,23,86,40,73,10,47,78,14,87,75,81,67,81,43,12,92,22,28,52,36,17,27,55,81,61,3,28,15,82,77,51,80,62,66,36,15,80,19,48,6,56,80,77,18,86,84,21,65,81,13,85,18,37,25,68,20,73,61,82,10,67,31,0,70,8,76,18,48,51,81,68,28,73,62,16,73,12,31,67,78,88,67,75,0,16,86,77,19,70,14,41,60,65,63,78,56,47,9,59,59,25,59,28,43,77,43,65,56,11,15,13,7,18,69,0,90,17,24,66,86,48
2022-06-12,71,0,11,19,25,68,28,55,78,34,53,19,78,66,26,76,10,68,40,13,45,69,25,22,76,22,20,54,70,9,7,36,38,54,75,90,80,75,74,17,39,75,59,77,18,85,53,22,76,38,9,39,84,86,66,37,69,35,79,49,76,61,4,52,80,21,87,32,82,87,15,61,5,18,50,21,72,7,86,100,53,56,31,14,65,36,66,79,28,39,70,14,11,84,28,36,19,0,0,62,34,12,76,81,5,25,56,61,88,69,67,69,30,85,20,23,50,15,35,12,21,86,33,9,47,21,19,86,76,69,88,18,41,31,9,17,78,47,50,47,78,21,76,89,78,37,64,17,56,59,23,76,78,50,19,81,89,6,7,17,18,89,37,63,12,48,75,13,87,75,83,52,80,39,12,70,20,31,57,27,15,24,56,82,60,4,25,15,87,68,53,87,65,67,31,11,82,19,46,5,53,71,70,24,83,82,21,56,85,13,82,17,39,17,63,19,68,59,74,10,66,23,0,69,8,78,0,47,56,81,61,27,54,63,17,66,11,25,66,75,79,63,74,5,18,86,71,20,66,9,39,61,59,68,69,59,46,7,55,50,22,53,23,47,71,44,62,60,12,13,13,7,20,65,3,85,13,23,64,82,35
2022-06-19,70,0,8,7,31,69,28,55,80,38,54,28,85,68,28,73,6,62,46,12,45,71,28,14,79,53,25,53,100,11,3,30,38,54,76,87,88,76,79,18,30,67,59,77,20,94,56,44,78,28,9,35,86,89,56,35,74,18,80,60,73,60,6,57,73,23,77,32,84,99,13,64,8,16,54,28,91,7,72,97,52,59,38,13,64,33,56,74,28,41,77,12,11,84,28,38,18,12,4,64,33,13,78,67,8,25,55,80,93,76,69,68,32,85,27,22,47,9,32,11,23,84,24,4,43,12,16,90,81,68,87,15,41,26,8,16,82,42,44,48,78,16,79,83,73,43,69,16,52,71,24,75,80,61,17,91,94,7,11,18,16,84,41,65,10,43,75,13,88,78,83,54,84,49,16,77,30,32,62,34,16,21,97,82,63,0,23,15,88,69,57,94,63,67,40,8,80,20,37,6,54,75,70,18,82,87,22,65,83,12,85,15,36,11,61,17,73,56,79,17,68,36,3,72,8,71,0,51,33,85,61,27,47,59,25,71,11,30,71,79,89,56,78,2,15,89,69,20,67,13,40,70,63,57,78,60,49,8,61,46,20,51,24,46,72,40,65,59,11,14,14,6,11,59,10,94,12,24,62,89,42
2022-06-26,70,4,6,3,22,71,28,53,72,34,57,40,75,63,25,72,6,62,38,12,44,64,25,21,76,40,25,51,83,0,5,32,34,47,76,86,79,73,77,20,30,72,53,68,0,87,54,30,68,25,9,39,89,78,64,33,71,17,79,43,74,56,4,55,73,21,70,35,85,89,13,64,9,16,51,25,74,8,81,78,50,64,33,13,56,44,43,63,26,34,67,16,9,81,27,39,14,6,3,63,27,12,74,69,4,21,47,63,84,71,66,64,22,92,20,22,41,0,31,11,19,77,21,18,39,13,22,86,75,73,80,12,36,22,9,16,77,41,42,46,79,15,77,79,71,37,62,15,49,73,21,65,79,47,14,80,85,7,9,16,16,100,36,64,17,39,74,13,86,72,73,47,81,40,14,57,23,30,50,31,14,18,100,82,59,0,15,16,83,70,49,90,52,70,33,17,80,17,32,5,55,60,74,16,81,83,19,65,83,11,76,18,34,27,56,16,72,54,74,12,64,32,0,75,9,71,0,43,32,79,59,28,55,60,24,71,10,27,59,86,80,59,72,6,13,91,64,22,59,9,38,57,62,59,78,56,56,7,57,53,18,50,25,46,79,37,54,60,15,14,15,3,10,56,0,87,17,24,63,83,56
2022-07-03,77,10,9,4,19,70,25,52,77,32,54,16,77,77,23,70,11,65,36,11,44,77,24,20,69,33,24,50,82,11,4,31,34,52,84,83,83,70,68,20,21,66,50,70,16,90,51,22,67,23,8,35,74,75,87,33,64,13,74,52,80,42,8,55,79,20,66,33,83,87,8,31,3,13,67,27,84,5,73,72,48,61,34,11,56,25,93,83,27,38,80,11,12,81,23,37,13,10,0,63,28,12,77,65,8,20,44,67,85,72,55,47,22,63,13,19,40,7,28,7,16,94,22,0,43,12,10,81,72,64,78,3,31,22,6,13,72,39,40,40,77,15,77,78,64,28,56,13,45,66,24,64,80,49,13,77,80,8,12,15,15,88,34,62,16,39,80,12,86,73,70,47,78,43,13,60,22,28,55,22,13,17,73,75,65,20,14,13,76,68,48,90,37,63,31,14,81,18,36,6,57,59,70,16,79,79,22,67,86,11,82,17,28,14,60,16,64,45,71,12,67,30,0,73,10,72,0,44,28,83,54,28,44,53,25,66,6,21,72,71,87,61,68,0,9,87,67,20,57,9,41,63,55,57,81,54,62,6,53,51,44,50,18,44,69,38,53,53,8,13,14,7,16,61,0,89,17,22,56,79,43
2022-07-10,67,0,11,17,23,70,26,54,84,37,59,40,74,77,24,73,6,59,43,10,45,61,26,15,76,56,22,54,90,6,7,33,33,45,83,87,84,72,77,18,26,53,50,60,15,100,55,35,67,25,9,36,84,88,50,39,70,16,74,49,83,38,6,57,69,20,73,35,87,91,11,39,7,14,45,22,79,6,85,59,49,63,36,14,56,52,56,77,28,28,60,8,14,80,25,36,14,7,0,66,26,11,75,70,9,19,45,72,91,73,59,57,17,86,21,21,40,9,32,7,17,86,22,5,44,16,21,91,76,74,82,19,28,25,6,15,79,44,43,42,84,18,73,86,74,35,64,13,49,68,28,69,81,40,14,85,92,6,11,15,15,94,36,69,12,41,77,11,87,73,70,51,80,30,13,65,17,28,56,24,13,19,71,74,63,3,16,14,82,70,47,91,75,67,30,11,80,18,31,8,62,55,68,18,81,84,22,64,95,12,85,17,30,13,74,16,65,49,71,12,67,21,0,77,9,71,0,48,33,94,57,30,52,48,24,73,8,23,75,79,88,64,78,6,13,93,65,27,59,7,44,62,59,67,83,54,56,6,52,57,42,55,19,48,77,43,56,55,15,18,14,8,6,60,0,89,17,23,46,85,45
2022-07-17,75,0,9,14,21,69,27,56,81,28,54,35,87,73,25,81,5,81,40,11,47,70,26,16,78,36,24,53,90,9,8,38,38,44,95,86,86,75,68,19,21,48,49,69,0,98,57,28,70,23,9,35,88,83,62,36,72,20,84,45,83,45,4,55,75,21,71,36,87,98,11,51,2,15,71,20,82,11,79,64,47,62,37,13,59,24,40,71,28,41,61,20,11,85,26,35,17,9,0,66,30,15,83,68,7,21,48,77,91,76,67,56,18,77,24,21,46,7,31,7,19,91,32,3,42,11,12,84,79,73,77,15,34,32,6,15,84,39,44,39,89,17,70,83,71,36,64,14,50,70,21,71,81,46,13,77,87,7,8,16,20,90,46,64,23,42,75,12,85,73,75,53,87,39,12,67,19,28,57,23,13,20,75,79,60,4,16,14,79,69,47,98,73,69,33,11,85,18,30,7,59,53,80,18,86,86,25,64,87,12,86,18,34,19,66,15,56,56,76,17,70,27,4,79,10,82,0,49,35,90,63,28,42,40,21,69,6,24,73,77,100,72,79,0,14,88,67,25,62,15,41,72,62,80,89,56,49,7,53,44,26,51,26,50,78,38,63,61,10,13,13,8,18,56,8,87,22,25,57,83,49
2022-07-24,79,6,12,15,17,68,26,54,78,42,64,35,78,69,24,78,9,74,41,9,48,67,28,14,72,31,28,54,85,9,10,32,34,48,82,81,80,73,80,19,22,42,51,67,0,90,50,25,68,24,8,39,86,78,48,28,70,23,77,53,84,59,5,56,78,22,79,38,83,89,12,55,3,13,59,22,84,4,73,69,47,54,38,13,56,43,62,79,26,36,77,10,10,82,25,38,14,8,4,63,26,14,78,65,7,23,47,68,89,68,56,56,18,85,20,22,44,5,31,8,19,88,21,0,44,8,20,84,78,72,79,8,32,40,9,13,79,40,42,39,85,23,67,78,77,34,62,13,49,69,23,68,79,44,12,70,78,9,10,16,15,97,44,68,19,41,76,12,86,72,78,55,84,34,11,66,17,28,60,27,12,18,68,80,64,0,15,14,80,73,41,92,28,65,30,10,80,18,36,6,61,56,73,16,81,84,21,61,89,12,84,16,33,18,57,15,67,45,76,17,68,22,7,84,9,70,0,46,22,90,60,26,40,55,14,71,6,21,74,72,90,62,77,3,14,83,67,22,56,15,41,49,61,52,83,51,49,6,53,52,21,52,18,47,79,38,62,55,12,14,12,8,8,50,0,89,18,24,56,84,34
2022-07-31,73,0,12,17,24,75,25,53,80,30,60,52,74,67,23,75,10,66,37,9,47,55,24,20,69,39,25,52,85,11,11,34,32,40,78,82,77,68,72,17,23,41,48,56,0,95,50,33,64,25,8,35,82,83,47,32,67,18,69,43,78,47,5,55,73,17,73,40,84,88,11,40,4,12,56,24,87,8,74,62,46,56,38,11,56,42,52,64,25,34,76,11,11,85,23,33,11,0,0,67,25,16,72,64,8,22,45,59,85,68,52,53,15,93,17,19,41,4,28,6,14,82,23,0,43,11,9,92,73,80,79,13,27,41,9,14,83,37,42,38,81,21,71,79,61,31,60,13,47,72,20,66,79,39,12,70,79,6,12,15,10,96,41,64,14,41,69,10,87,76,74,51,83,28,13,63,21,26,46,14,11,18,77,69,69,3,15,13,79,67,42,94,43,69,36,7,81,18,32,0,67,54,72,18,81,81,19,61,84,15,71,16,31,21,61,21,56,46,70,19,69,31,4,76,9,68,0,48,22,87,57,26,38,49,22,65,8,22,67,70,89,65,76,0,14,86,62,22,56,16,43,59,61,48,73,49,46,7,56,37,11,52,22,48,78,36,51,52,9,12,13,3,14,54,2,83,12,24,44,81,32
2022-08-07,69,5,10,16,17,65,24,45,70,32,51,32,72,65,19,67,9,56,37,9,39,63,22,12,65,32,21,48,72,10,3,28,28,43,63,75,71,66,65,16,17,37,40,54,0,86,49,17,61,21,6,37,72,72,44,31,61,19,61,34,71,55,0,54,56,16,65,41,83,89,9,43,2,11,42,21,78,8,70,57,39,51,34,11,48,33,23,53,24,30,60,8,11,74,19,28,11,2,2,63,22,14,68,57,9,17,41,39,75,60,48,37,15,79,18,19,38,4,28,5,11,70,28,0,38,9,12,78,69,64,74,12,26,38,5,13,79,35,41,28,74,13,73,71,60,30,56,13,43,63,18,62,71,46,10,63,75,5,10,14,14,85,37,60,12,38,74,10,81,61,67,50,72,24,8,54,20,23,42,19,11,18,67,57,60,0,14,13,69,54,34,83,36,61,28,6,72,17,32,3,56,42,61,15,74,75,15,57,78,14,75,17,27,9,59,15,54,40,61,7,59,24,0,64,7,62,0,40,30,92,56,25,42,42,19,60,4,18,67,62,83,60,75,0,12,76,52,25,51,12,39,60,56,48,75,48,39,6,54,46,33,46,15,100,77,37,51,47,7,15,12,7,17,55,0,82,13,22,53,77,36
2022-08-14,71,7,10,10,14,72,27,53,74,31,50,10,69,67,22,75,8,61,38,9,41,51,22,9,69,19,21,52,78,6,3,30,30,45,72,80,75,67,74,15,23,41,45,59,0,90,57,21,63,23,9,39,79,79,60,31,69,28,71,41,69,45,6,51,68,19,70,47,84,87,8,30,0,12,38,22,77,6,70,68,45,52,33,13,56,25,22,54,25,32,64,7,12,82,22,32,2,8,0,76,24,12,76,63,8,19,46,75,78,57,56,48,15,67,12,20,37,11,41,6,14,76,21,0,40,12,19,86,73,79,74,10,24,28,6,12,76,36,50,38,86,13,78,80,57,22,59,13,43,76,20,61,75,32,14,74,75,6,12,14,12,86,36,71,12,39,71,9,86,69,62,49,77,32,15,51,17,23,47,19,11,22,69,62,63,9,18,12,73,64,39,93,0,62,28,12,77,16,28,0,60,42,67,15,76,74,20,56,88,16,74,17,31,20,56,22,60,42,57,14,64,18,0,71,8,72,12,44,39,96,56,25,49,49,14,62,7,22,71,60,91,61,70,3,14,85,64,22,60,12,41,56,62,46,74,43,44,6,55,62,19,47,15,95,74,36,56,51,9,11,12,12,15,55,0,85,12,23,41,77,43
2022-08-21,76,3,11,21,25,64,27,57,76,25,53,20,75,73,24,77,4,63,38,8,43,45,25,8,79,35,23,52,87,8,0,30,34,41,88,76,85,71,75,19,26,53,48,62,0,96,54,33,69,25,8,40,83,74,63,31,69,17,72,44,73,57,4,52,68,22,67,50,90,89,9,35,5,15,50,24,57,7,79,70,51,59,40,10,73,26,43,57,28,39,70,13,11,89,25,34,15,12,2,65,34,12,75,60,10,19,54,56,85,65,65,49,20,64,22,24,45,11,56,6,18,84,20,7,41,9,15,95,73,74,74,10,27,41,10,13,83,36,55,41,90,16,73,82,67,33,69,17,47,77,21,62,77,35,14,62,81,7,9,14,14,89,38,81,22,42,76,11,88,69,72,56,83,36,13,60,15,27,54,16,12,24,69,74,60,0,24,14,77,73,59,84,63,68,28,6,72,18,26,5,67,55,67,16,84,82,24,56,93,16,77,17,28,14,56,17,67,42,73,20,66,23,0,69,8,81,9,47,63,77,57,25,53,53,21,67,8,26,71,71,86,69,78,0,14,86,74,21,73,0,41,61,67,45,80,51,49,7,52,36,18,46,26,69,78,36,52,52,8,13,14,6,16,62,3,81,18,24,48,74,34
2022-08-28,67,5,7,15,16,65,24,55,71,32,56,51,75,64,22,74,2,63,40,9,43,42,27,24,75,35,21,49,79,13,1,25,33,42,77,78,75,70,77,20,30,67,50,54,0,89,54,28,67,26,10,37,82,77,45,33,67,31,75,42,73,46,8,48,67,20,55,75,81,77,10,49,4,17,43,24,57,8,76,71,49,54,36,13,76,22,59,64,27,34,62,9,11,76,23,31,8,7,0,65,38,11,73,62,5,20,61,56,81,63,67,55,17,73,17,26,39,13,56,8,20,80,24,0,39,12,15,82,70,67,80,10,30,40,10,13,84,38,56,43,83,12,76,78,68,44,69,20,47,72,22,56,76,44,15,66,73,8,10,14,14,88,36,81,13,40,74,10,84,63,67,55,77,25,10,62,20,25,54,14,11,26,56,69,61,3,31,12,69,73,55,84,32,65,23,4,71,17,42,10,67,55,70,16,77,73,22,55,87,17,73,14,27,9,65,15,59,42,55,11,70,32,0,67,8,76,0,42,71,84,60,24,47,55,18,64,7,26,67,71,86,77,77,0,9,84,63,23,73,12,38,64,67,43,74,45,44,6,49,54,28,44,23,71,73,39,47,50,10,12,11,12,8,61,9,78,13,23,47,66,27
2022-09-04,65,0,12,10,26,59,24,54,75,37,52,28,75,63,24,81,7,48,43,9,42,38,23,20,70,43,27,50,81,4,2,25,31,48,76,74,79,69,74,16,32,71,52,59,35,84,54,28,74,31,10,33,78,78,53,35,67,19,74,38,73,47,3,49,69,18,56,85,78,84,11,46,2,16,44,26,94,8,73,72,52,55,37,12,89,25,56,61,28,33,56,14,12,76,22,28,11,6,5,60,45,16,71,56,5,22,67,59,81,63,68,44,13,67,19,24,40,16,60,6,25,77,28,3,36,16,15,83,74,67,82,12,26,41,10,14,80,38,62,46,83,11,72,77,64,37,69,24,49,71,18,64,72,25,13,62,78,7,8,15,15,86,31,77,14,40,70,11,84,57,70,56,80,36,11,61,16,28,56,26,12,28,56,71,56,8,32,14,67,75,63,81,45,65,30,17,73,19,50,9,62,55,72,16,77,75,23,55,87,17,75,18,26,17,73,13,63,49,67,12,66,25,4,64,7,79,0,42,76,75,54,23,68,54,18,66,8,25,64,69,84,78,75,6,16,82,69,21,75,11,38,57,66,47,84,45,42,7,51,48,20,44,24,53,70,40,50,49,13,12,12,4,13,55,0,84,12,24,48,67,46
2022-09-11,72,3,11,13,27,59,28,62,86,40,55,40,81,70,28,92,14,60,41,9,44,61,23,11,76,39,31,49,80,10,3,30,39,50,88,80,85,78,87,13,34,78,62,67,13,87,55,25,80,30,10,35,86,80,74,38,72,31,85,49,80,56,3,50,73,23,78,68,89,89,12,46,3,20,52,28,80,3,76,74,55,55,47,10,96,33,44,73,31,48,80,14,11,72,24,40,13,7,2,65,49,15,79,56,5,24,76,83,81,70,78,44,18,77,23,28,49,18,71,7,27,90,27,0,40,17,20,85,91,68,81,14,28,43,8,15,98,38,75,53,87,11,87,82,73,64,83,26,60,73,23,69,74,57,18,65,86,11,11,17,21,84,43,83,13,46,73,11,89,73,76,62,82,40,10,46,10,31,74,44,13,37,55,76,61,0,31,16,76,86,73,80,31,67,32,5,84,19,61,10,60,71,81,16,85,80,30,57,95,20,82,19,28,22,70,13,71,55,76,14,68,28,0,70,8,89,8,50,82,85,59,26,76,62,17,69,9,28,65,76,78,77,80,0,17,89,74,23,92,15,35,63,70,48,84,46,46,6,52,42,26,44,18,52,74,42,55,54,12,12,12,11,20,79,2,83,15,25,39,76,49
2022-09-18,86,4,15,21,28,70,27,66,87,38,56,65,87,71,28,98,8,61,42,12,48,71,27,11,84,39,33,53,85,10,0,35,40,54,100,89,98,83,93,19,35,89,76,77,13,97,66,33,87,35,12,45,95,95,67,36,79,42,86,54,83,53,0,56,77,22,77,51,95,89,13,52,5,23,65,28,85,12,100,81,67,55,46,15,100,27,26,56,35,56,67,13,17,76,28,40,17,8,0,66,56,15,88,64,9,28,86,77,85,77,91,59,18,95,25,31,54,17,70,9,30,92,36,0,42,25,31,94,95,65,96,14,30,52,10,16,95,38,72,55,94,20,92,87,85,82,99,27,70,73,20,80,87,74,19,79,90,14,13,18,18,84,44,84,16,51,79,13,98,75,81,66,90,36,17,70,21,34,81,45,16,40,47,84,73,3,31,17,81,90,83,90,39,75,30,12,87,21,83,9,63,74,75,17,92,87,31,64,92,17,87,19,35,22,65,14,86,64,88,11,75,30,0,77,9,89,0,52,85,87,64,28,81,68,21,75,12,31,72,87,75,82,95,7,14,88,81,23,100,13,41,74,72,53,91,51,46,7,67,50,23,47,16,51,74,43,68,63,9,25,15,8,15,79,4,85,17,26,46,77,36
2022-09-25,79,8,10,15,25,65,26,60,80,44,51,53,70,67,27,92,9,56,40,13,40,63,26,23,76,41,25,49,71,5,0,31,41,53,76,81,86,72,85,20,31,84,64,64,9,88,56,26,78,35,11,42,85,81,62,36,82,38,74,40,83,63,4,52,76,22,68,48,87,84,13,50,0,21,69,24,69,9,84,76,56,54,41,11,88,31,38,63,32,40,73,14,17,77,27,35,10,7,4,60,52,16,89,55,7,28,72,64,81,69,89,72,18,77,18,32,52,27,61,7,28,91,25,3,38,18,20,79,86,74,90,22,36,48,10,17,84,39,59,50,83,15,82,81,81,89,80,23,64,73,25,71,79,70,22,64,91,10,11,17,23,79,35,75,15,45,75,12,85,69,79,56,72,36,10,69,25,28,68,40,14,35,43,76,65,11,27,17,76,80,72,81,61,69,48,17,78,20,92,7,61,79,76,38,84,77,26,64,83,16,78,19,33,14,71,13,72,63,84,12,70,28,0,70,8,81,19,47,80,79,56,26,75,70,20,67,9,27,66,78,70,72,86,0,15,88,74,24,83,6,37,65,71,46,89,44,44,7,52,52,26,46,16,48,72,43,63,56,14,19,14,13,11,67,0,77,19,25,44,79,34
2022-10-02,70,0,12,9,28,65,28,63,78,56,53,52,73,70,23,95,7,62,42,13,42,66,24,23,77,34,25,52,81,3,5,28,37,57,64,84,86,72,86,17,32,82,56,57,28,90,56,38,77,30,10,41,86,80,43,35,78,31,78,44,77,54,7,52,73,20,63,49,87,85,13,56,3,22,48,28,76,8,82,69,56,56,38,11,86,23,61,79,28,41,81,12,16,74,27,34,10,8,0,63,53,16,79,59,2,28,76,55,80,65,85,55,19,72,20,36,48,19,57,8,28,87,22,0,39,14,22,87,84,64,92,13,31,39,10,16,86,37,61,49,81,23,84,87,77,85,84,23,82,71,22,75,74,68,21,63,87,9,11,18,26,81,40,67,11,47,81,14,89,75,84,57,77,38,3,61,23,28,60,36,13,33,44,70,62,6,24,16,71,74,68,82,50,63,34,20,80,18,96,15,67,70,79,22,83,80,23,57,88,18,78,19,37,24,69,14,69,64,86,10,69,31,2,69,8,77,0,44,81,83,56,26,76,66,25,71,14,28,62,73,68,72,83,0,19,84,73,22,87,10,41,64,68,50,100,53,47,6,56,48,16,45,17,48,73,42,56,54,12,14,13,5,12,73,3,79,19,23,45,78,47
2022-10-09,84,8,14,18,35,70,28,62,86,42,60,56,96,66,28,93,9,53,46,14,44,73,30,21,88,55,28,52,87,7,3,33,43,52,77,84,92,84,97,21,40,88,72,72,11,92,59,32,81,37,11,45,93,84,83,44,79,28,80,43,87,75,9,56,82,24,85,51,90,90,12,45,11,23,62,26,66,7,90,76,62,63,41,14,97,36,49,73,33,48,81,16,20,76,31,38,20,4,4,62,57,18,84,61,10,31,75,68,88,72,97,50,23,78,18,30,51,15,55,9,28,95,30,0,39,27,19,88,94,65,99,18,37,42,10,16,88,39,60,60,91,18,89,95,94,91,86,24,85,73,25,88,83,85,21,79,96,12,11,19,24,93,34,84,20,49,74,15,94,78,90,68,80,56,6,80,31,30,74,32,15,36,57,80,67,3,27,18,80,82,75,84,91,66,38,10,83,19,100,3,66,89,80,19,85,83,28,64,91,19,95,21,40,24,64,14,78,69,98,15,70,46,0,72,8,88,12,50,83,85,64,28,90,69,25,75,12,33,72,84,69,68,89,6,12,100,85,23,94,19,45,77,75,49,100,56,46,7,62,53,17,48,24,46,74,49,67,59,9,17,13,4,11,77,2,82,20,26,54,85,47
2022-10-16,68,6,13,14,25,74,27,59,83,49,55,45,87,72,26,87,6,71,39,13,40,74,24,15,79,40,26,49,93,11,5,28,45,49,76,82,94,78,89,21,43,81,70,68,20,88,63,27,83,31,12,45,92,88,75,36,84,27,84,47,90,73,7,54,82,24,81,55,83,85,15,42,6,20,57,26,81,4,86,75,60,56,38,15,91,34,35,64,30,43,99,13,12,76,26,38,14,5,0,56,55,15,81,67,11,26,75,76,79,74,91,74,23,88,19,31,48,24,57,10,28,89,38,0,38,20,30,86,89,65,89,17,39,37,9,17,85,40,59,54,81,17,83,82,81,93,88,24,75,76,25,79,76,100,23,81,90,11,16,17,22,86,34,67,21,50,73,16,89,68,92,64,88,47,14,74,31,31,72,41,15,34,46,78,60,0,28,18,85,77,66,79,54,64,35,17,86,20,82,11,65,84,75,18,82,80,26,60,92,19,85,21,34,35,61,16,81,76,93,12,66,37,0,71,10,81,0,48,77,76,65,28,83,72,25,71,18,28,65,81,73,70,84,0,18,89,90,20,92,17,38,81,70,49,91,50,44,7,56,48,28,47,22,44,69,47,68,61,10,17,15,6,16,77,5,82,20,25,53,79,35
2022-10-23,68,7,11,13,30,69,28,52,81,47,50,31,69,72,23,86,8,66,44,11,39,66,28,16,76,33,25,49,87,6,4,28,40,51,63,80,79,69,82,22,36,70,70,69,0,87,60,24,76,26,10,44,79,76,65,31,100,31,72,34,81,73,4,51,77,21,71,49,82,85,14,47,2,18,61,24,64,7,84,68,52,53,36,15,86,21,55,82,26,42,72,12,10,68,21,34,14,5,0,59,53,15,86,65,6,28,68,84,84,60,85,50,24,80,20,30,48,20,51,9,28,81,30,0,38,18,18,90,80,66,88,18,35,35,10,16,77,36,60,48,81,17,84,92,79,81,84,22,71,78,25,78,77,68,18,73,84,9,10,19,26,87,41,65,14,49,77,14,84,76,83,60,75,38,12,84,15,28,48,26,14,31,42,69,60,7,26,17,75,63,56,78,74,61,27,18,81,19,82,0,62,71,75,15,78,80,20,57,85,19,82,21,35,25,71,23,77,70,86,16,69,50,3,76,9,73,0,46,88,92,61,28,93,82,20,68,12,27,66,73,66,72,82,0,18,86,65,23,85,10,37,71,66,46,84,53,41,8,48,51,22,45,17,44,69,46,66,51,11,11,15,4,25,74,4,77,21,25,47,83,28
2022-10-30,80,0,13,13,31,70,27,60,86,37,52,63,85,70,25,96,6,57,42,13,42,67,28,21,78,48,28,52,89,0,7,28,54,55,75,79,85,78,88,22,35,73,73,77,0,93,62,24,77,30,10,40,90,81,65,42,80,27,77,44,85,67,0,56,79,22,83,49,80,87,13,55,7,19,56,27,82,6,89,75,56,53,35,11,86,38,43,78,28,56,79,10,15,73,26,38,9,6,0,57,52,15,81,73,7,28,72,66,85,74,96,69,28,82,23,28,47,15,52,8,28,94,34,0,39,24,26,84,87,61,90,21,42,36,12,17,88,38,55,56,94,20,81,99,88,76,84,23,74,78,28,86,89,100,21,84,96,10,15,19,24,82,36,67,17,49,78,15,81,75,85,66,78,41,15,77,23,32,68,24,15,33,51,78,60,9,23,18,84,78,65,79,65,69,39,12,83,20,82,3,61,89,72,18,86,81,25,57,88,20,88,18,38,32,80,17,73,75,90,8,71,41,0,68,8,75,0,47,77,79,60,28,77,80,23,70,11,28,66,75,70,74,79,2,22,88,77,22,87,13,37,73,66,47,81,49,45,8,50,48,20,49,21,42,70,44,67,56,15,16,15,9,11,74,2,79,21,25,59,79,53
2022-11-06,78,11,15,16,28,75,28,54,86,49,51,70,78,69,26,87,5,70,53,16,40,70,31,16,79,48,22,51,88,11,6,26,51,54,73,79,87,76,96,20,41,84,76,74,0,86,57,33,87,32,12,40,84,84,60,37,77,35,74,45,88,75,2,55,79,22,85,41,84,86,11,50,7,23,44,27,72,6,92,77,60,50,41,14,89,20,36,75,30,37,81,13,12,71,31,38,19,8,3,56,52,16,81,65,7,30,73,82,87,81,88,68,28,88,21,26,52,18,49,9,28,97,28,0,41,15,19,82,85,75,94,14,40,37,13,15,100,40,56,54,86,20,81,94,93,69,90,22,80,83,25,86,85,80,23,85,92,9,13,20,25,88,39,64,13,50,87,17,86,67,90,68,85,41,13,83,21,34,63,33,16,33,51,76,60,6,24,17,79,77,76,78,77,62,43,16,84,19,76,8,60,83,77,15,86,86,23,61,92,21,84,19,37,30,67,15,93,68,90,16,70,36,0,69,7,81,0,48,68,84,61,28,93,86,18,77,11,28,66,83,65,75,82,0,20,83,77,21,89,11,42,81,64,50,84,53,46,7,51,50,33,53,25,43,68,46,65,56,13,12,15,11,22,80,7,77,18,25,60,83,57
2022-11-13,81,0,12,10,32,81,28,57,91,41,53,91,87,75,26,91,12,74,44,16,45,80,28,16,87,44,28,51,90,19,5,27,59,50,77,81,94,78,96,24,48,88,83,81,0,90,62,38,90,33,13,44,87,87,70,43,84,37,85,50,91,93,8,72,84,27,72,44,94,94,13,59,7,23,65,27,89,4,93,85,64,50,38,18,96,27,59,83,32,49,94,17,16,74,31,38,19,3,3,60,57,21,85,70,10,33,80,60,88,92,97,85,27,93,23,31,64,30,56,9,32,95,40,3,50,18,25,89,93,65,98,19,44,42,15,18,94,39,57,56,85,24,91,87,100,77,91,22,94,89,23,91,85,95,28,92,99,10,14,21,28,87,42,69,17,55,78,19,94,72,89,70,98,46,10,97,26,36,72,34,20,34,53,85,65,4,24,19,92,82,79,80,63,68,40,15,90,22,76,10,69,100,88,18,92,89,28,61,94,18,93,18,40,28,64,15,100,76,97,15,74,39,0,72,7,80,0,54,64,87,66,28,70,85,24,80,11,31,67,92,68,67,87,5,18,89,86,23,93,15,43,93,72,60,93,62,45,8,56,48,33,53,30,46,70,50,72,60,13,16,14,0,26,79,10,82,21,26,68,96,40
2022-11-20,62,0,14,17,32,73,24,56,87,43,50,31,82,70,25,80,10,55,37,15,42,86,25,23,78,33,26,51,83,11,4,25,48,52,80,79,81,72,83,20,39,78,79,82,28,82,55,34,82,24,10,35,77,78,41,34,76,33,76,46,78,79,2,64,80,25,89,42,80,88,9,28,8,16,37,21,69,3,89,83,49,53,34,17,79,34,39,79,27,43,83,19,15,69,26,36,16,2,0,56,40,23,78,74,5,30,54,72,78,91,81,54,30,80,26,17,47,16,35,11,25,86,28,4,43,18,24,84,84,63,83,19,42,40,10,14,75,37,49,50,83,22,85,86,75,51,78,21,74,84,22,81,72,71,19,83,90,5,13,18,22,83,34,57,13,48,74,16,82,65,87,67,89,28,10,77,26,31,55,26,20,24,50,85,65,0,19,16,81,76,57,79,48,71,41,9,85,19,53,3,56,95,79,15,80,82,21,55,87,26,80,17,32,19,100,12,89,74,91,16,79,28,2,68,8,67,0,47,56,84,60,28,56,64,22,71,9,30,59,79,66,68,80,3,22,80,76,20,78,12,61,77,61,66,83,51,44,7,59,48,20,48,25,44,66,46,65,56,17,18,16,3,18,77,0,78,15,22,57,78,48
2022-11-27,69,7,13,15,36,74,28,59,94,42,52,68,88,73,27,92,11,75,39,16,48,79,28,23,83,41,25,53,94,7,7,23,57,54,81,82,87,75,88,19,45,81,80,79,0,84,61,31,89,33,11,45,95,84,56,31,80,31,83,54,95,100,6,60,86,25,92,42,88,86,12,30,12,19,57,23,49,12,89,87,55,49,34,14,84,38,15,75,28,45,99,18,17,78,26,40,20,8,4,56,54,18,88,71,6,30,70,66,80,95,90,66,35,96,21,28,56,9,50,10,28,88,36,7,42,20,25,87,87,70,83,22,50,60,10,15,85,39,56,51,91,14,89,75,83,70,88,24,99,85,24,93,72,91,24,94,100,9,12,20,26,92,36,67,16,49,75,18,93,72,90,65,86,32,10,84,27,33,62,35,19,33,52,84,62,5,23,16,86,77,68,79,64,66,34,9,84,19,78,9,55,92,79,15,86,85,25,60,93,20,89,18,43,20,87,14,86,79,95,18,76,34,4,72,8,74,8,48,68,80,63,33,79,77,23,65,11,26,66,81,73,65,83,4,16,81,80,22,91,9,47,75,65,51,89,55,46,8,54,52,37,45,28,43,68,53,69,65,10,14,14,8,12,78,3,76,19,24,57,89,62
2022-12-04,67,0,16,13,38,72,26,56,87,43,50,70,86,71,28,92,4,63,42,16,45,77,28,20,80,40,22,53,91,15,6,24,63,53,80,76,84,71,83,16,41,83,78,88,26,82,56,34,87,32,12,40,85,81,63,36,73,38,82,46,85,87,8,62,86,26,79,44,79,83,15,50,7,20,54,28,64,7,80,86,53,50,33,12,81,33,13,78,27,43,93,10,16,71,28,36,23,15,3,50,56,20,92,69,8,30,72,77,82,99,96,81,31,91,21,28,54,17,52,12,31,90,23,0,44,17,22,88,85,71,84,30,48,67,9,15,84,37,55,60,83,17,92,73,86,66,85,24,100,73,21,91,77,83,28,86,94,12,14,19,32,89,34,60,14,45,74,16,94,70,95,64,85,35,13,82,23,33,68,37,21,32,63,78,59,0,27,17,83,76,69,74,56,64,45,5,85,20,76,6,55,100,74,17,86,85,26,61,85,19,89,17,44,26,67,14,85,85,98,15,71,33,3,70,8,73,0,46,57,81,62,28,87,93,22,69,13,28,61,82,64,59,79,3,17,82,81,20,90,10,44,72,65,53,83,56,42,8,55,47,26,45,25,40,67,48,64,64,12,12,13,7,18,76,8,66,18,23,52,85,59
2022-12-11,65,7,15,15,28,74,26,56,87,45,51,52,89,72,27,84,8,60,46,14,42,74,31,19,80,52,23,48,84,15,5,27,56,55,78,78,87,72,80,15,42,80,73,79,0,81,54,22,84,39,12,43,86,85,77,42,77,28,82,48,81,98,8,59,80,23,77,36,89,81,13,47,6,20,52,28,67,12,83,81,54,52,30,16,74,38,12,67,28,53,73,15,13,66,25,36,17,11,3,54,50,15,87,74,9,28,67,72,79,91,94,68,31,90,19,25,56,18,46,8,30,87,30,0,39,11,31,83,86,66,78,16,43,34,9,15,90,37,45,57,93,15,80,69,76,82,81,22,81,65,24,88,76,79,24,87,85,9,13,17,22,78,37,68,14,48,83,15,87,71,87,56,81,34,12,75,25,33,70,37,19,28,68,78,63,6,23,15,81,77,72,75,38,64,34,11,79,19,56,7,59,86,77,19,84,81,26,57,90,18,84,17,39,21,60,13,94,79,97,14,70,26,0,67,8,67,0,46,68,88,65,27,77,99,23,66,12,25,61,82,65,56,94,11,18,84,78,19,86,13,49,88,63,60,78,54,47,7,54,48,19,44,22,42,63,50,66,65,14,11,13,7,14,70,0,70,23,23,53,80,37
